id;contract_no;status;mobile_no;address;full_name;customer_id;national_id;passport_no;country_id;trade_license;sign_date;user_id;actual_contracted_amount;interest_percentage;contract_amount
1;Guinea-Bissau orchid B2B;69621;Marketing;interface Borders;PNG feed;5468;bottom-line Agent scalable;indexing;18978;Buckinghamshire Ramp Usability;2022-06-27T02:46:08;98925;35241;55052;92958
2;blockchains Program Tactics;23088;Account;virtual generate optical;visionary Product;18126;deposit Fiji;wireless Latvian Gloves;86774;blockchains SAS;2022-06-27T08:01:56;23595;48199;31665;89038
3;productivity didactic deposit;5623;Azerbaijan Bedfordshire Steel;Mouse Money;Steel;30794;Cotton orange;Global Bacon Concrete;65997;haptic Tasty Computer;2022-06-26T20:10:30;90403;43385;75552;63425
4;Berkshire;6429;Luxembourg Bacon;Direct;invoice multi-byte envisioneer;59958;Dollar;Director;79375;Borders Chief visionary;2022-06-27T13:13:09;76838;34240;93904;1335
5;transmit system open-source;2259;Avon dynamic;back-end Branding;Account Grocery paradigms;59989;Gloves;CSS Marks backing;21041;programming Rustic connect;2022-06-27T02:02:27;76746;7517;15808;22966
6;SCSI;9753;Chicken generating Korea;Borders Islands;Savings even-keeled;71595;Program;Direct Tools;91274;orchid withdrawal Wooden;2022-06-27T06:39:01;89199;13493;99085;35892
7;Paradigm;75165;Applications Rubber;program grey;array;96075;Re-contextualized;architect;76648;analyzing Accountability;2022-06-27T01:01:49;36388;35788;5360;50466
8;Cape digital markets;9963;Public-key Checking Towels;online matrix calculating;optimize Agent Branding;5205;Plastic;engage compelling blue;30134;Plastic;2022-06-27T04:47:29;49477;15245;68439;45028
9;Greece Berkshire background;58539;Berkshire yellow Optimized;vertical experiences blue;homogeneous Fish;51634;invoice;Summit Computer Alabama;621;Business-focused Global blockchains;2022-06-26T20:30:22;89979;2456;40853;19922
10;drive payment;5851;Account visionary;redundant reboot;Future;70769;Sleek synthesize calculating;Supervisor Cambridgeshire Soft;17357;Account SQL;2022-06-26T21:40:02;46635;34421;25357;92071
