id;national_id;passport_no;country_id;mobile_no;address;full_name;trade_license
1;Assistant;Market;80068;green Investment Security;SQL;empower auxiliary experiences;Sahara
2;Kong deposit;indexing Ball;27422;synthesize Directives;online;JBOD;Progressive
3;intelligence;Ergonomic Generic bluetooth;28795;database multi-byte deposit;violet Licensed Kids;Peso;synthesize Lilangeni initiatives
4;Directives;Loan Lead;63982;Pine Nevada Court;FTP Concrete;bypass Hat Berkshire;Georgia
5;override;deposit Horizontal;82592;Kenya UIC-Franc;Shirt Rubber;Table;Sausages
6;Via;overriding Japan multi-tasking;4371;gold high-level;transitional intuitive black;Clothing;Web
7;silver wireless up;Open-source parsing Ramp;48675;Internal deposit haptic;withdrawal Chief system-worthy;Global scale Jewelery;bypass Frozen
8;Carolina;monitor synthesizing;55911;Executive deliverables SAS;Mouse;multi-byte Mississippi payment;connecting
9;invoice Investment;Afghani;74748;Infrastructure Wooden Bacon;Car Frozen;deposit Specialist Rhode;user system
10;Minnesota array;Future Refined;38589;parsing payment;Global;Savings uniform;JSON Data synthesize
