id;systemcode;system_name_ar;system_name_en;system_total_fees
1;program bypassing administration;Plastic;Hampshire auxiliary;45805
2;withdrawal index;Guarani Beauty Global;Montana;24353
3;payment;Interactions Albania bifurcated;matrix pixel bypass;38749
4;Keyboard generate;payment;Polarised Australia blue;23748
5;up TCP Berkshire;Accountability;Buckinghamshire Bedfordshire convergence;32006
6;Forward North;Fantastic Account;Automotive bleeding-edge Clothing;83445
7;bricks-and-clicks haptic;Investor;mission-critical;66456
8;Locks bypass Berkshire;optical Ergonomic GB;magenta;36671
9;Tennessee Intelligent;Bedfordshire 1080p SSL;Designer withdrawal;60141
10;SMS green;Street Producer Forward;Lebanese TCP;50765
