id;request_no;request_service_code;request_description;vehicle_type_id;license_type_id;plate_no;motor_no;chassis_no;traffic_unit_code
1;Shirt;Computers;bypassing Tuna;41338;13673;collaboration;schemas Lakes;Crossroad Tactics;Pants
2;Garden Tasty Specialist;withdrawal bus Steel;Group;56071;98544;capacitor Savings interfaces;Kansas stable;Cambridgeshire intuitive bypass;Auto
3;Nevada paradigms;Phased;Industrial deploy Ohio;92725;72386;transmit Dollar mindshare;disintermediate Square International;Marketing Avon;invoice TCP
4;paradigms full-range Frozen;Union red Car;neural;55099;207;overriding index Borders;Won disintermediate North;Checking Money experiences;Hong out-of-the-box JBOD
5;Ergonomic Idaho experiences;Soap;Passage gold;4976;67687;Orchard Steel;Group Customer-focused;customer applications Cambridgeshire;invoice Account Health
6;Christmas Djibouti;Vista;Accounts Account;97723;86294;Shoes Concrete;Parkways Gorgeous incentivize;bandwidth deposit;SCSI Account
7;drive;Handcrafted;reboot;11919;22706;Future-proofed calculating Trinidad;copying Program Steel;access Namibia;Intelligent primary
8;deposit Granite Mauritius;Forward;Planner Buckinghamshire;30122;18224;models;holistic redundant;Directives Central mission-critical;monitor
9;Account;encoding;SDR invoice;62965;98768;initiative;Handmade connect viral;impactful program Robust;compelling Customer
10;plum;one-to-one AGP;protocol;63041;77508;Point driver Cliff;holistic structure;Rustic;online Tuna Business-focused
