id;request_id;request_no;request_service_code;request_description;plate_no;motor_no;chassis_no;traffic_unit_code
1;83106;Avon;front-end;Garden access;Berkshire Games Dakota;Colorado face Franc;application sky neural;value-added bandwidth success
2;92671;Swedish Shoals;IB Uzbekistan;revolutionize Rustic;channels;Handcrafted Industrial;Compatible Soft Garden;incremental Programmable
3;76989;Corporate;Industrial Shoes digital;expedite Chicken South;optical;24/365 connect;bypassing;mobile
4;80155;Tools payment Account;Cambridgeshire bandwidth online;Knoll;Heights feed South;Money Savings;Open-architected parsing hack;synthesize
5;79685;Indiana Principal transmit;Accounts synthesize Account;feed Future capacitor;invoice Kuna structure;ADP;Rubber connecting indexing;plum
6;72141;bandwidth alliance Vista;bottom-line;system Indiana transmitter;Frozen Awesome;Clothing;payment;internet Digitized
7;17992;Lodge Bulgaria;Associate quantify;Creative;Account;Refined;New International;JBOD Concrete utilize
8;82462;alarm Vermont bypassing;Granite Compatible Cotton;SMS;Incredible technologies International;Internal Orchestrator;Ergonomic Chief;projection Plastic Maine
9;23096;Keyboard Licensed;Soft orchid;Usability navigate;Dale Ergonomic Account;monitor;e-services withdrawal;Kids
10;30430;bandwidth-monitored;New;feed State);Spring front-end;Mouse rich;Awesome markets info-mediaries;bluetooth
